รหัสสินค้า,ชื่อสินค้า,หมวดหมู่สินค้า,รูปแบบการขาย,
P11001,สุกรชำแหละ เนื้อสัน สันใน,เนื้อสัตว์,ขายปลีก,
P11002,สุกรชำแหละ เนื้อสัน สันนอก,เนื้อสัตว์,ขายปลีก,
P11003,สุกรชำแหละ เนื้อแดง สะโพก (ตัดแต่ง),เนื้อสัตว์,ขายปลีก,
P11004,สุกรชำแหละ เนื้อแดง ไหล่ (ตัดแต่ง),เนื้อสัตว์,ขายปลีก,
P11005,สุกรชำแหละ เนื้อสามชั้น,เนื้อสัตว์,ขายปลีก,
P11006,สุกรชำแหละ มันแข็ง,เนื้อสัตว์,ขายปลีก,
P11007,สุกรชำแหละ เศษมัน,เนื้อสัตว์,ขายปลีก,
P11008,สุกรชำแหละ มันเปลว,เนื้อสัตว์,ขายปลีก,
P11009,ไก่สดทั้งตัว (รวมเครื่องใน),เนื้อสัตว์,ขายปลีก,
P11010,ไก่สดทั้งตัว (ไม่รวมเครื่องใน),เนื้อสัตว์,ขายปลีก,
P11011,ไก่สดชำแหละ เนื้อสันใน,เนื้อสัตว์,ขายปลีก,
P11012,ไก่สดชำแหละ เนื้ออก (เนื้อล้วน),เนื้อสัตว์,ขายปลีก,
P11013,ไก่สดชำแหละ น่อง สะโพก,เนื้อสัตว์,ขายปลีก,
P11014,ไก่สดชำแหละ ปีก ทั้งปีก (ปีกเต็ม),เนื้อสัตว์,ขายปลีก,
P11015,ไก่สดชำแหละ ปีกบน,เนื้อสัตว์,ขายปลีก,
P11016,ไก่สดชำแหละ เครื่องใน,เนื้อสัตว์,ขายปลีก,
P11017,ไก่สดชำแหละ หนัง,เนื้อสัตว์,ขายปลีก,
P11018,ไก่สดชำแหละ แข้ง ขา ตีน,เนื้อสัตว์,ขายปลีก,
P11019,ไก่สดชำแหละ โครงกระดูก,เนื้อสัตว์,ขายปลีก,
P11020,ไข่เป็ด ใหญ่,เนื้อสัตว์,ขายปลีก,
P11021,ไข่เป็ด กลาง,เนื้อสัตว์,ขายปลีก,
P11022,ไข่เป็ด เล็ก,เนื้อสัตว์,ขายปลีก,
P11023,ไข่เป็ดเค็ม ใหญ่,เนื้อสัตว์,ขายปลีก,
P11024,ไข่เป็ดเค็ม กลาง,เนื้อสัตว์,ขายปลีก,
P11025,ไข่ไก่ เบอร์ 0,เนื้อสัตว์,ขายปลีก,
P11026,ไข่ไก่ เบอร์ 1,เนื้อสัตว์,ขายปลีก,
P11027,ไข่ไก่ เบอร์ 2,เนื้อสัตว์,ขายปลีก,
P11028,ไข่ไก่ เบอร์ 3,เนื้อสัตว์,ขายปลีก,
P11029,ไข่ไก่ เบอร์ 4,เนื้อสัตว์,ขายปลีก,
P11030,ไข่ไก่ เบอร์ 5,เนื้อสัตว์,ขายปลีก,
P11031,เนื้อโค สะโพก,เนื้อสัตว์,ขายปลีก,
P11032,เนื้อโค สันนอก ,เนื้อสัตว์,ขายปลีก,
P11033,เนื้อโค สันใน,เนื้อสัตว์,ขายปลีก,
P11034,เนื้อกระบือ ธรรมดา,เนื้อสัตว์,ขายปลีก,
P11035,เนื้อกระบือ สันนอก สะโพก,เนื้อสัตว์,ขายปลีก,
P11036,เนื้อกระบือ สันใน,เนื้อสัตว์,ขายปลีก,
P11037,สุกรชำแหละ เนื้อแดง สะโพก (ไม่ได้ตัดแต่ง),เนื้อสัตว์,ขายปลีก,
P11038,สุกรชำแหละ เนื้อแดง ไหล่ (ไม่ได้ตัดแต่ง),เนื้อสัตว์,ขายปลีก,
P11039,เนื้อโค ติดกระดูก,เนื้อสัตว์,ขายปลีก,
P11040,เนื้อโค เลาะกระดูกขาหน้า,เนื้อสัตว์,ขายปลีก,
P11041,เนื้อโค เลาะกระดูกขาหลัง,เนื้อสัตว์,ขายปลีก,
P11042,เนื้อโค ส่วนน่อง,เนื้อสัตว์,ขายปลีก,
P11043,เนื้อโค สามชั้น,เนื้อสัตว์,ขายปลีก,
P11044,ไก่สดชำแหละ น่อง,เนื้อสัตว์,ขายปลีก,
P11045,ไก่สดชำแหละ สะโพก,เนื้อสัตว์,ขายปลีก,
P11046,ไก่สดชำแหละ เนื้ออก (ติดหนัง),เนื้อสัตว์,ขายปลีก,
P11047,เป็ดสด (ทั้งตัว) ขนาดไซส์ s,เนื้อสัตว์,ขายปลีก,
P11048,เป็ดสด (ทั้งตัว) ขนาดไซส์ M-MM,เนื้อสัตว์,ขายปลีก,
P11049,เป็ดสด (ทั้งตัว) ขนาดไซส์ L,เนื้อสัตว์,ขายปลีก,
P11050,เป็ดสด (ทั้งตัว) ขนาดไซส์ XL,เนื้อสัตว์,ขายปลีก,
P12001,กุ้งขาว (40 ตัว/กก.),สัตว์น้ำ,ขายปลีก,
P12002,กุ้งขาว (50 ตัว/กก.),สัตว์น้ำ,ขายปลีก,
P12003,กุ้งขาว (60 ตัว/กก.),สัตว์น้ำ,ขายปลีก,
P12004,กุ้งขาว (70 ตัว/กก.),สัตว์น้ำ,ขายปลีก,
P12005,กุ้งขาว (80 ตัว/กก.),สัตว์น้ำ,ขายปลีก,
P12006,กุ้งแชบ๊วย (40-50 ตัว/กก.),สัตว์น้ำ,ขายปลีก,
P12007,กุ้งเปลือกแข็ง (40-50 ตัว/กก.),สัตว์น้ำ,ขายปลีก,
P12008,กุ้งก้ามกรามบ่อเลี้ยงไทย (ขนาดกลาง) 15-16 ตัว/กก.,สัตว์น้ำ,ขายปลีก,
P12009,ปลาหมึกกล้วย คละ,สัตว์น้ำ,ขายปลีก,
P12010,ปลาหมึกกระดอง คละ,สัตว์น้ำ,ขายปลีก,
P12011,หอยแครง คละ,สัตว์น้ำ,ขายปลีก,
P12012,หอยลาย คละ,สัตว์น้ำ,ขายปลีก,
P12013,หอยแมลงภู่ คละ,สัตว์น้ำ,ขายปลีก,
P12014,ปลาทูสด (9-12 ตัว/กก.),สัตว์น้ำ,ขายปลีก,
P12015,ปลาช่อน,สัตว์น้ำ,ขายปลีก,
P12016,ปลาดุก (พันธุ์บิ๊กอุย),สัตว์น้ำ,ขายปลีก,
P12017,ปลานิล,สัตว์น้ำ,ขายปลีก,
P12018,ปลาสวาย,สัตว์น้ำ,ขายปลีก,
P12019,ปลาทับทิม,สัตว์น้ำ,ขายปลีก,
P12020,ปลาทู (3 ตัว/เข่ง),สัตว์น้ำ,ขายปลีก,
P12021,เส้นก๋วยเตี๋ยว (เส้นใหญ่),สัตว์น้ำ,ขายปลีก,
P12022,เส้นก๋วยเตี๋ยว (เส้นเล็ก),สัตว์น้ำ,ขายปลีก,
P12023,ปลาทู (2 - 3 ตัว/เข่ง),สัตว์น้ำ,ขายปลีก,
P12024,ปลากระพงขาว (0.7-2 กก./ตัว),สัตว์น้ำ,ขายปลีก,
P13001,ผักคะน้า คละ,ผักสด,ขายปลีก,
P13002,ผักคะน้า คัด,ผักสด,ขายปลีก,
P13003,ผักบุ้งจีน คละ,ผักสด,ขายปลีก,
P13004,ผักบุ้งจีน คัด,ผักสด,ขายปลีก,
P13005,ผักกวางตุ้ง คละ,ผักสด,ขายปลีก,
P13006,ผักกวางตุ้ง คัด,ผักสด,ขายปลีก,
P13007,ผักกาดหอม คละ,ผักสด,ขายปลีก,
P13008,ผักกาดหอม คัด,ผักสด,ขายปลีก,
P13009,ผักกาดขาว (ลุ้ย) คละ,ผักสด,ขายปลีก,
P13010,ผักกาดขาว (ลุ้ย) คัด,ผักสด,ขายปลีก,
P13011,กะหล่ำปลี คละ,ผักสด,ขายปลีก,
P13012,กะหล่ำปลี คัด,ผักสด,ขายปลีก,
P13013,กะหล่ำดอก คละ,ผักสด,ขายปลีก,
P13014,กะหล่ำดอก คัด,ผักสด,ขายปลีก,
P13015,มะระจีน คละ,ผักสด,ขายปลีก,
P13016,มะระจีน คัด,ผักสด,ขายปลีก,
P13017,มะเขือเทศสีดา คละ,ผักสด,ขายปลีก,
P13018,มะเขือเทศสีดา คัด,ผักสด,ขายปลีก,
P13019,มะเขือเทศผลใหญ่ คละ,ผักสด,ขายปลีก,
P13020,มะเขือเทศผลใหญ่ คัด,ผักสด,ขายปลีก,
P13021,มะเขือเจ้าพระยา,ผักสด,ขายปลีก,
P13022,ถั่วฝักยาว คละ,ผักสด,ขายปลีก,
P13023,ถั่วฝักยาว คัด,ผักสด,ขายปลีก,
P13024,แตงกวา คละ,ผักสด,ขายปลีก,
P13025,แตงกวา คัด,ผักสด,ขายปลีก,
P13026,ฟักเขียว คละ,ผักสด,ขายปลีก,
P13027,ฟักเขียว คัด,ผักสด,ขายปลีก,
P13028,หัวผักกาด คละ,ผักสด,ขายปลีก,
P13029,หัวผักกาด คัด,ผักสด,ขายปลีก,
P13030,หน่อไม้ฝรั่ง คละ,ผักสด,ขายปลีก,
P13031,หน่อไม้ฝรั่ง คัด,ผักสด,ขายปลีก,
P13032,ข้าวโพดฝักอ่อน,ผักสด,ขายปลีก,
P13033,ผักชี คละ (บาท/ขีด),ผักสด,ขายปลีก,
P13034,ผักชี คัด (บาท/ขีด),ผักสด,ขายปลีก,
P13035,ต้นหอม คละ (บาท/ขีด),ผักสด,ขายปลีก,
P13036,ต้นหอม คัด (บาท/ขีด),ผักสด,ขายปลีก,
P13037,พริกสดชี้ฟ้า (บาท/ขีด),ผักสด,ขายปลีก,
P13038,พริกขี้หนูจินดา (แดง) (บาท/ขีด),ผักสด,ขายปลีก,
P13039,ขึ้นฉ่าย คละ (บาท/ขีด),ผักสด,ขายปลีก,
P13040,ขึ้นฉ่าย คัด (บาท/ขีด),ผักสด,ขายปลีก,
P13041,ผักกะเฉด,ผักสด,ขายปลีก,
P13042,ผักบุ้งไทย,ผักสด,ขายปลีก,
P13043,มะนาว เบอร์ 1-2,ผักสด,ขายปลีก,
P13044,มะนาว เบอร์ 3-4,ผักสด,ขายปลีก,
P13045,ขิง อ่อน,ผักสด,ขายปลีก,
P13046,ขิงแก่,ผักสด,ขายปลีก,
P13047,ผักคะน้า อินทรีย์ ร้านเลมอนฟาร์ม,ผัก-ผลไม้อินทรีย์,ขายปลีก,
P13048,ผักคะน้า อินทรีย์ ท็อปซูเปอร์มาร์เก็ต,ผัก-ผลไม้อินทรีย์,ขายปลีก,
P13049,ผักบุ้งจีน อินทรีย์ ร้านเลมอนฟาร์ม,ผัก-ผลไม้อินทรีย์,ขายปลีก,
P13050,ผักบุ้งจีน อินทรีย์ ท็อปซูเปอร์มาร์เก็ต,ผัก-ผลไม้อินทรีย์,ขายปลีก,
P13051,ผักกวางตุ้ง อินทรีย์ ร้านเลมอนฟาร์ม,ผัก-ผลไม้อินทรีย์,ขายปลีก,
P13052,ผักกวางตุ้ง อินทรีย์ ท็อปซูเปอร์มาร์เก็ต,ผัก-ผลไม้อินทรีย์,ขายปลีก,
P13053,ผักกาดหอม อินทรีย์ ร้านเลมอนฟาร์ม,ผัก-ผลไม้อินทรีย์,ขายปลีก,
P13054,ผักกาดหอม อินทรีย์ ท็อปซูเปอร์มาร์เก็ต,ผัก-ผลไม้อินทรีย์,ขายปลีก,
P13055,ผักกาดขาวปลี อินทรีย์ ร้านเลมอนฟาร์ม,ผัก-ผลไม้อินทรีย์,ขายปลีก,
P13056,ผักกาดขาวปลี อินทรีย์ ท็อปซูเปอร์มาร์เก็ต,ผัก-ผลไม้อินทรีย์,ขายปลีก,
P13057,กะหล่ำปลี อินทรีย์ ร้านเลมอนฟาร์ม,ผัก-ผลไม้อินทรีย์,ขายปลีก,
P13058,กะหล่ำปลี อินทรีย์ ท็อปซูเปอร์มาร์เก็ต,ผัก-ผลไม้อินทรีย์,ขายปลีก,
P13059,กระชายขาว คละ,ผักสด,ขายปลีก,
P13060,ผักชี อินทรีย์ ร้านเลมอนฟาร์ม,ผัก-ผลไม้อินทรีย์,ขายปลีก,
P13061,ผักชี อินทรีย์ ท็อปซูเปอร์มาร์เก็ต,ผัก-ผลไม้อินทรีย์,ขายปลีก,
P13062,ต้นหอม อินทรีย์ ร้านเลมอนฟาร์ม,ผัก-ผลไม้อินทรีย์,ขายปลีก,
P13063,ต้นหอม อินทรีย์ ท็อปซูเปอร์มาร์เก็ต,ผัก-ผลไม้อินทรีย์,ขายปลีก,
P13064,ขึ้นฉ่าย อินทรีย์ ร้านเลมอนฟาร์ม,ผัก-ผลไม้อินทรีย์,ขายปลีก,
P13065,ขึ้นฉ่าย อินทรีย์ ท็อปซูเปอร์มาร์เก็ต,ผัก-ผลไม้อินทรีย์,ขายปลีก,
P13066,มะเขือเจ้าพระยา อินทรีย์ ร้านเลมอนฟาร์ม,ผัก-ผลไม้อินทรีย์,ขายปลีก,
P13067,มะเขือเจ้าพระยา อินทรีย์ ท็อปซูเปอร์มาร์เก็ต,ผัก-ผลไม้อินทรีย์,ขายปลีก,
P13068,ถั่วฝักยาว อินทรีย์ ร้านเลมอนฟาร์ม,ผัก-ผลไม้อินทรีย์,ขายปลีก,
P13069,ถั่วฝักยาว อินทรีย์ ท็อปซูเปอร์มาร์เก็ต,,,
,ผัก-ผลไม้อินทรีย์,ขายปลีก,,
P13070,แตงกวา อินทรีย์ ร้านเลมอนฟาร์ม,ผัก-ผลไม้อินทรีย์,ขายปลีก,
P13071,แตงกวา อินทรีย์ ท็อปซูเปอร์มาร์เก็ต,,,
,ผัก-ผลไม้อินทรีย์,ขายปลีก,,
P13072,ฟักเขียว อินทรีย์ ร้านเลมอนฟาร์ม,ผัก-ผลไม้อินทรีย์,ขายปลีก,
P13073,ฟักเขียว อินทรีย์ ท็อปซูเปอร์มาร์เก็ต,ผัก-ผลไม้อินทรีย์,ขายปลีก,
P13074,พริกขี้หนูจินดา อินทรีย์ ร้านเลมอนฟาร์ม,ผัก-ผลไม้อินทรีย์,ขายปลีก,
P13075,พริกขี้หนูจินดา อินทรีย์ ท็อปซูเปอร์มาร์เก็ต,ผัก-ผลไม้อินทรีย์,ขายปลีก,
P13076,มะนาว อินทรีย์ ร้านเลมอนฟาร์ม,ผัก-ผลไม้อินทรีย์,ขายปลีก,
P13077,มะนาว อินทรีย์ ท็อปซูเปอร์มาร์เก็ต,ผัก-ผลไม้อินทรีย์,ขายปลีก,
P13078,หน่อไม้ฝรั่ง อินทรีย์ ร้านเลมอนฟาร์ม,ผัก-ผลไม้อินทรีย์,ขายปลีก,
P13079,หน่อไม้ฝรั่ง อินทรีย์ ท็อปซูเปอร์มาร์เก็ต,ผัก-ผลไม้อินทรีย์,ขายปลีก,
P13080,ข้าวโพดฝักอ่อน อินทรีย์ ร้านเลมอนฟาร์ม,ผัก-ผลไม้อินทรีย์,ขายปลีก,
P13081,ข้าวโพดฝักอ่อน อินทรีย์ ท็อปซูเปอร์มาร์เก็ต,ผัก-ผลไม้อินทรีย์,ขายปลีก,
P13082,ผักชี คละ (บาท/กก.),ผักสด,ขายปลีก,
P13083,ผักชี คัด (บาท/กก.),ผักสด,ขายปลีก,
P13084,ต้นหอม คละ (บาท/กก.),,,
,ผักสด,ขายปลีก,,
P13085,ต้นหอม คัด (บาท/กก.),,,
,ผักสด,ขายปลีก,,
P13086,พริกสดชี้ฟ้า (แดง) (บาท/กก.),,,
,ผักสด,ขายปลีก,,
P13087,พริกขี้หนูจินดา (แดง) (บาท/กก.),ผักสด,ขายปลีก,
P13088,ขึ้นฉ่าย คละ (บาท/กก.),,,
,ผักสด,ขายปลีก,,
P13089,ขึ้นฉ่าย คัด (บาท/กก.),,,
,ผักสด,ขายปลีก,,
P13090,ผักบุ้งไทย (10 กำ),ผักสด,ขายปลีก,
P13091,พริกขี้หนูสวน (เม็ดกลาง),ผักสด,ขายปลีก,
P13092,มะละกอ (พันธุ์แขกดำดำเนิน) คละ,ผักสด,ขายปลีก,
P13093,awd,ผักสด,ขายปลีก,
P14001,ส้มเขียวหวาน สายน้ำผึ้ง เบอร์ 4,ผลไม้,ขายปลีก,
P14002,ส้มเขียวหวาน สายน้ำผึ้ง เบอร์ 5,ผลไม้,ขายปลีก,
P14003,ส้มเขียวหวาน สายน้ำผึ้ง เบอร์ 6,ผลไม้,ขายปลีก,
P14004,มะละกอแขกดำ,ผลไม้,ขายปลีก,
P14005,แตงโม พันธุ์กินรี,ผลไม้,ขายปลีก,
P14006,กล้วยหอมทอง ใหญ่,ผลไม้,ขายปลีก,
P14007,กล้วยน้ำว้า,ผลไม้,ขายปลีก,
P14008,กล้วยไข่ ใหญ่,ผลไม้,ขายปลีก,
P14009,กล้วยไข่ กลาง,ผลไม้,ขายปลีก,
P14010,ฝรั่งกิมจู คละ,ผลไม้,ขายปลีก,
P14011,ฝรั่งกิมจู คัด,ผลไม้,ขายปลีก,
P14012,มะม่วงน้ำดอกไม้ เบอร์ 0,ผลไม้,ขายปลีก,
P14013,มะม่วงน้ำดอกไม้ เบอร์ 1,ผลไม้,ขายปลีก,
P14014,มะม่วงเขียวเสวย เบอร์ 0,ผลไม้,ขายปลีก,
P14015,มะม่วงเขียวเสวย เบอร์ 1,ผลไม้,ขายปลีก,
P14016,เงาะโรงเรียน,ผลไม้,ขายปลีก,
P14017,มังคุด (ผิวมัน),ผลไม้,ขายปลีก,
P14018,มังคุด (ผิวกระ),ผลไม้,ขายปลีก,
P14019,ทุเรียนชะนี,ผลไม้,ขายปลีก,
P14020,ทุเรียนหมอนทอง,ผลไม้,ขายปลีก,
P14021,ลองกอง,ผลไม้,ขายปลีก,
P14022,ลิ้นจี่ พันธุ์ฮงฮวย,ผลไม้,ขายปลีก,
P14023,ลิ้นจี่ พันธุ์จักรพรรดิ์,ผลไม้,ขายปลีก,
P14024,ส้มโอ ขาวทองดี ใหญ่,ผลไม้,ขายปลีก,
P14025,ส้มโอ ขาวทองดี เล็ก,ผลไม้,ขายปลีก,
P14026,สับปะรด ศรีราชา เบอร์ 1,ผลไม้,ขายปลีก,
P14027,สับปะรด ศรีราชา เบอร์ 2,ผลไม้,ขายปลีก,
P14028,สับปะรด ศรีราชา เบอร์ 3,ผลไม้,ขายปลีก,
P14029,น้อยหน่า,ผลไม้,ขายปลีก,
P14030,ลำไย อีดอ,ผลไม้,ขายปลีก,
P14031,องุ่นพันธุ์ไวท์มะละกา คัด,ผลไม้,ขายปลีก,
P14032,องุ่นพันธุ์ไวท์มะละกา คละ,ผลไม้,ขายปลีก,
P14033,มะละกอฮอลแลนด์,ผลไม้,ขายปลีก,
P14034,กล้วยหอมทอง ใหญ่ (14 ผล),ผลไม้,ขายปลีก,
P14035,ส้มโอ ขาวน้ำผึ้ง ใหญ่,ผลไม้,ขายปลีก,
P14036,ส้มโอ ขาวน้ำผึ้ง เล็ก,ผลไม้,ขายปลีก,
P14037,กล้วยหอมทอง อินทรีย์ ร้านเลมอนฟาร์ม,ผัก-ผลไม้อินทรีย์,ขายปลีก,
P14038,กล้วยหอมทอง อินทรีย์ ท็อปซูเปอร์มาร์เก็ต,ผัก-ผลไม้อินทรีย์,ขายปลีก,
P14039,กล้วยน้ำว้า อินทรีย์ ร้านเลมอนฟาร์ม,ผัก-ผลไม้อินทรีย์,ขายปลีก,
P14040,กล้วยน้ำว้า อินทรีย์ ท็อปซูเปอร์มาร์เก็ต,ผัก-ผลไม้อินทรีย์,ขายปลีก,
P14041,กล้วยไข่ อินทรีย์ ร้านเลมอนฟาร์ม,ผัก-ผลไม้อินทรีย์,ขายปลีก,
P14042,กล้วยไข่ อินทรีย์ ท็อปซูเปอร์มาร์เก็ต,ผัก-ผลไม้อินทรีย์,ขายปลีก,
P14043,กล้วยเล็บมือนาง อินทรีย์ ร้านเลมอนฟาร์ม,ผัก-ผลไม้อินทรีย์,ขายปลีก,
P14044,กล้วยเล็บมือนาง อินทรีย์ ท็อปซูเปอร์มาร์เก็ต,ผัก-ผลไม้อินทรีย์,ขายปลีก,
P14045,ฝรั่งพันธุ์กิมจู อินทรีย์ ร้านเลมอนฟาร์ม,ผัก-ผลไม้อินทรีย์,ขายปลีก,
P14046,ฝรั่งพันธุ์กิมจู อินทรีย์ ท็อปซูเปอร์มาร์เก็ต,ผัก-ผลไม้อินทรีย์,ขายปลีก,
P15001,กระเทียมแห้ง มัดจุก หัวใหญ่,พืชอาหาร,ขายปลีก,
P15002,กระเทียมแห้ง มัดจุก หัวกลาง,พืชอาหาร,ขายปลีก,
P15003,กระเทียมแห้ง มัดจุก หัวเล็ก,พืชอาหาร,ขายปลีก,
P15004,กระเทียมแห้ง ตัดจุก หัวใหญ่,พืชอาหาร,ขายปลีก,
P15005,กระเทียมแห้ง ตัดจุก หัวกลาง,พืชอาหาร,ขายปลีก,
P15006,กระเทียมแห้งตัดจุก หัวเล็ก,พืชอาหาร,ขายปลีก,
P15007,กระเทียมแห้ง แกะกลีบ กลีบใหญ่,พืชอาหาร,ขายปลีก,
P15008,กระเทียมแห้ง แกะกลีบ กลีบกลาง,พืชอาหาร,ขายปลีก,
P15009,กระเทียมแห้ง แกะกลีบ กลีบเล็ก,พืชอาหาร,ขายปลีก,
P15010,หอมแดงภาคเหนือ มัดจุก หัวใหญ่,พืชอาหาร,ขายปลีก,
P15011,หอมแดงภาคเหนือ มัดจุก หัวกลาง,พืชอาหาร,ขายปลีก,
P15012,หอมแดงภาคเหนือ มัดจุก หัวเล็ก,พืชอาหาร,ขายปลีก,
P15013,หอมแดงภาคเหนือ ตัดจุก หัวใหญ่,พืชอาหาร,ขายปลีก,
P15014,หอมแดงภาคเหนือ ตัดจุก หัวกลาง,พืชอาหาร,ขายปลีก,
P15015,หอมแดงภาคเหนือ ตัดจุก หัวเล็ก,พืชอาหาร,ขายปลีก,
P15016,หอมแดงศรีสะเกษ มัดจุก หัวใหญ่,พืชอาหาร,ขายปลีก,
P15017,หอมแดงศรีสะเกษ มัดจุก หัวกลาง,พืชอาหาร,ขายปลีก,
P15018,หอมแดงศรีสะเกษ มัดจุก หัวเล็ก,พืชอาหาร,ขายปลีก,
P15019,หอมแดงศรีสะเกษ ตัดจุก หัวใหญ่,พืชอาหาร,ขายปลีก,
P15020,หอมแดงศรีสะเกษ ตัดจุก หัวกลาง,พืชอาหาร,ขายปลีก,
P15021,หอมแดงศรีสะเกษ ตัดจุก หัวเล็ก,พืชอาหาร,ขายปลีก,
P15022,หอมหัวใหญ่ สันป่าตอง เบอร์ 0-1,พืชอาหาร,ขายปลีก,
P15023,หอมหัวใหญ่ สันป่าตอง เบอร์ 2,พืชอาหาร,ขายปลีก,
P15024,หอมหัวใหญ่ กาญจนบุรี เบอร์ 0-1,พืชอาหาร,ขายปลีก,
P15025,หอมหัวใหญ่ กาญจนบุรี เบอร์ 2,พืชอาหาร,ขายปลีก,
P15026,หอมหัวใหญ่ ห้องเย็น เบอร์ 0-1,พืชอาหาร,ขายปลีก,
P15027,หอมหัวใหญ่ ห้องเย็น เบอร์ 2,พืชอาหาร,ขายปลีก,
P15028,หอมหัวใหญ่ ฝาง เบอร์ 0-1,พืชอาหาร,ขายปลีก,
P15029,หอมหัวใหญ่ ฝาง เบอร์ 2,พืชอาหาร,ขายปลีก,
P15030,มันฝรั่ง เกรดโอ,พืชอาหาร,ขายปลีก,
P15031,มันฝรั่ง เกรดเอ,พืชอาหาร,ขายปลีก,
P15032,มันฝรั่ง เกรดบี,พืชอาหาร,ขายปลีก,
P15033,มะขามเปียก แกะเมล็ด,พืชอาหาร,ขายปลีก,
P15034,มะขามเปียก ไม่แกะเมล็ด,พืชอาหาร,ขายปลีก,
P15035,กระเจี๊ยบแห้ง,พืชอาหาร,ขายปลีก,
P15036,ลูกเดือย กะเทาะเปลือก,พืชอาหาร,ขายปลีก,
P15037,พริกไทยขาว อย่างดี,พืชอาหาร,ขายปลีก,
P15038,พริกไทยดำ อย่างดี,พืชอาหาร,ขายปลีก,
P15039,พริกแห้ง (ยอดสน) อย่างดี,พืชอาหาร,ขายปลีก,
P15040,พริกแห้ง (ยอดสน) อย่างรอง,พืชอาหาร,ขายปลีก,
P15041,กระเทียมนำเข้า กระเทียมจีน เบอร์ใหญ่,พืชอาหาร,ขายปลีก,
P15042,กระเทียมนำเข้า กระเทียมจีน เบอร์กลาง,พืชอาหาร,ขายปลีก,
P15043,กระเทียมนำเข้า กระเทียมจีน เบอร์เล็ก,พืชอาหาร,ขายปลีก,
P15044,กระเทียมนำเข้า กระเทียมจีน แกะกลีบ,พืชอาหาร,ขายปลีก,
P15045,หอมหัวใหญ่ (หอมภาคเหนือ) เบอร์ 0-1,พืชอาหาร,ขายปลีก,
P15046,หอมหัวใหญ่ (หอมภาคเหนือ) เบอร์ 2,พืชอาหาร,ขายปลีก,
P15047,หอมหัวใหญ่ (หอมห้องเย็น) เบอร์ 0-1,พืชอาหาร,ขายปลีก,
P15048,หอมหัวใหญ่ (หอมห้องเย็น) เบอร์ 2,พืชอาหาร,ขายปลีก,
P16001,ถั่วลิสงกะเทาะเปลือก คัดพิเศษ,พืชน้ำมันและน้ำมันพืช,ขายปลีก,
P16002,ถั่วลิสงกะเทาะเปลือก คัดธรรมดา,พืชน้ำมันและน้ำมันพืช,ขายปลีก,
P16003,ถั่วลิสงกะเทาะเปลือก คละ,พืชน้ำมันและน้ำมันพืช,ขายปลีก,
P16004,น้ำมันถั่วลิสงบริสุทธิ์ บรรจุขวด 2 ลิตร,พืชน้ำมันและน้ำมันพืช,ขายปลีก,
P16005,น้ำมันถั่วลิสงบริสุทธิ์ บรรจุขวด 1 ลิตร ตรากวางบิน,พืชน้ำมันและน้ำมันพืช,ขายปลีก,
P16006,น้ำมันถั่วเหลืองบริสุทธิ์ บรรจุขวด 1 ลิตร ตราองุ่น,พืชน้ำมันและน้ำมันพืช,ขายปลีก,
P16007,น้ำมันถั่วเหลืองบริสุทธิ์ บรรจุขวด 1 ลิตร ตรากุ๊ก,พืชน้ำมันและน้ำมันพืช,ขายปลีก,
P16008,น้ำมันรำข้าวบริสุทธิ์สำเร็จรูป บรรจุขวด 1 ลิตร ตราคิง,พืชน้ำมันและน้ำมันพืช,ขายปลีก,
P16009,น้ำมันรำข้าวบริสุทธิ์สำเร็จรูป บรรจุขวด 1 ลิตร ตราชิม,พืชน้ำมันและน้ำมันพืช,ขายปลีก,
P16010,น้ำมันปาล์มสำเร็จรูป บรรจุถุงไม่มีตรา,พืชน้ำมันและน้ำมันพืช,ขายปลีก,
P16011,น้ำมันปาล์มสำเร็จรูป บรรจุขวด1 ลิตร,พืชน้ำมันและน้ำมันพืช,ขายปลีก,
P16012,มะพร้าวทับสะแก ผลใหญ่ ปอกเปลือก,พืชน้ำมันและน้ำมันพืช,ขายปลีก,
P16013,มะพร้าวขาวขูด (ไม่ขูดผิว),พืชน้ำมันและน้ำมันพืช,ขายปลีก,
P16014,น้ำมันมะพร้าวสำเร็จรูป บรรจุปี๊บ 13.75 ลิตร (12.50 กก.),พืชน้ำมันและน้ำมันพืช,ขายปลีก,
P16015,น้ำมันมะพร้าวสำเร็จรูป บรรจุปี๊บ 13.75 ลิตร (12.50 กก.) ตราผักกาด,พืชน้ำมันและน้ำมันพืช,ขายปลีก,
P16016,น้ำมันมะพร้าวสำเร็จรูป บรรจุปี๊บ 13.75 ลิตร (12.50 กก.). ตราไพ่ป๊อก,พืชน้ำมันและน้ำมันพืช,ขายปลีก,
P16017,น้ำมันมะพร้าวสำเร็จรูป บรรจุปี๊บ 13.75 ลิตร (12.50 กก.) ตราดอกไม้,พืชน้ำมันและน้ำมันพืช,ขายปลีก,
P16018,น้ำมันทานตะวันสำเร็จรูป บรรจุขวด ตรากุ๊ก (น้ำมันในประเทศ),พืชน้ำมันและน้ำมันพืช,ขายปลีก,
P16019,น้ำมันทานตะวันสำเร็จรูป บรรจุขวด ตราชิม (น้ำมันในประเทศ),พืชน้ำมันและน้ำมันพืช,ขายปลีก,
P16020,งาดำ,พืชน้ำมันและน้ำมันพืช,ขายปลีก,
P16021,งาขาว เมล็ดใหญ่,พืชน้ำมันและน้ำมันพืช,ขายปลีก,
P16022,น้ำมันทานตะวันสำเร็จรูป บรรจุขวด ตราองุ่น (น้ำมันในประเทศ),พืชน้ำมันและน้ำมันพืช,ขายปลีก,
P16023,น้ำมันรำข้าวบริสุทธิ์สำเร็จรูป บรรจุขวด 1 ลิตร ตราอโรซ่า,พืชน้ำมันและน้ำมันพืช,ขายปลีก,
P16024,น้ำมันถั่วลิสงบริสุทธิ์ บรรจุปี๊ป 13.75 ลิตร (12.50 กก.),พืชน้ำมันและน้ำมันพืช,ขายปลีก,
P16025,น้ำมันถั่วลิสงบริสุทธิ์ บรรจุขวด 5 ลิตร,พืชน้ำมันและน้ำมันพืช,ขายปลีก,
P16026,น้ำมันมะพร้าวสำเร็จรูป บรรจุขวด 1 ลิตร ตราไทยเพียว,พืชน้ำมันและน้ำมันพืช,ขายปลีก,
P16027,น้ำมันมะพร้าวสำเร็จรูป บรรจุขวด 1 ลิตร ตราเนเชอเรล,พืชน้ำมันและน้ำมันพืช,ขายปลีก,
P16028,น้ำมันมะพร้าวสำเร็จรูป บรรจุขวด 1 ลิตร ตรารอยไทย,พืชน้ำมันและน้ำมันพืช,ขายปลีก,
R11001,ข้าวขาว 100% ชั้น 1,ราคาขายส่งข้าว ผลิตภัณฑ์ข้าวและกระสอบป่าน,ขายส่ง,
R11002,ข้าวขาว 100% ชั้น 1 (ข้าวใหม่),ราคาขายส่งข้าว ผลิตภัณฑ์ข้าวและกระสอบป่าน,ขายส่ง,
R11003,ข้าวขาว 100% ชั้น 2,ราคาขายส่งข้าว ผลิตภัณฑ์ข้าวและกระสอบป่าน,ขายส่ง,
R11004,ข้าวขาว 100% ชั้น 2 (ข้าวใหม่),ราคาขายส่งข้าว ผลิตภัณฑ์ข้าวและกระสอบป่าน,ขายส่ง,
R11005,ข้าวขาว 100% ชั้น 3,ราคาขายส่งข้าว ผลิตภัณฑ์ข้าวและกระสอบป่าน,ขายส่ง,
R11006,ข้าวขาว 100% ชั้น 3 (ข้าวใหม่),ราคาขายส่งข้าว ผลิตภัณฑ์ข้าวและกระสอบป่าน,ขายส่ง,
R11007,ข้าวขาว 5%,ราคาขายส่งข้าว ผลิตภัณฑ์ข้าวและกระสอบป่าน,ขายส่ง,
R11008,ข้าวขาว 5% (ข้าวใหม่),ราคาขายส่งข้าว ผลิตภัณฑ์ข้าวและกระสอบป่าน,ขายส่ง,
R11009,ข้าวขาว 10%,ราคาขายส่งข้าว ผลิตภัณฑ์ข้าวและกระสอบป่าน,ขายส่ง,
R11010,ข้าวขาว 10% (ข้าวใหม่),ราคาขายส่งข้าว ผลิตภัณฑ์ข้าวและกระสอบป่าน,ขายส่ง,
R11011,ข้าวขาว 15% (ข้าวใหม่),ราคาขายส่งข้าว ผลิตภัณฑ์ข้าวและกระสอบป่าน,ขายส่ง,
R11012,ข้าวขาว 25% (ข้าวใหม่),ราคาขายส่งข้าว ผลิตภัณฑ์ข้าวและกระสอบป่าน,ขายส่ง,
R11013,ปลายข้าวขาว เอ วัน เลิศ,ราคาขายส่งข้าว ผลิตภัณฑ์ข้าวและกระสอบป่าน,ขายส่ง,
R11014,ปลายข้าวขาว เอ วัน เลิศ (ข้าวใหม่),ราคาขายส่งข้าว ผลิตภัณฑ์ข้าวและกระสอบป่าน,ขายส่ง,
R11015,ปลายข้าว เอ วัน พิเศษ,ราคาขายส่งข้าว ผลิตภัณฑ์ข้าวและกระสอบป่าน,ขายส่ง,
R11016,ปลายข้าว เอ วัน พิเศษ (ข้าวใหม่),ราคาขายส่งข้าว ผลิตภัณฑ์ข้าวและกระสอบป่าน,ขายส่ง,
R11017,ปลายข้าวขาว ซี วัน,ราคาขายส่งข้าว ผลิตภัณฑ์ข้าวและกระสอบป่าน,ขายส่ง,
R11018,ข้าวสารเหนียว กข.6,ราคาขายส่งข้าว ผลิตภัณฑ์ข้าวและกระสอบป่าน,ขายส่ง,
R11019,ข้าวสารเหนียว กข.6 (ข้าวใหม่),ราคาขายส่งข้าว ผลิตภัณฑ์ข้าวและกระสอบป่าน,ขายส่ง,
R11020,ข้าวสารเหนียว 10% เมล็ดยาว,ราคาขายส่งข้าว ผลิตภัณฑ์ข้าวและกระสอบป่าน,ขายส่ง,
R11021,ข้าวสารเหนียว 10% เมล็ดยาว (ข้าวใหม่),ราคาขายส่งข้าว ผลิตภัณฑ์ข้าวและกระสอบป่าน,ขายส่ง,
R11022,ข้าวสารเหนียว 10% เมล็ดสั้น,ราคาขายส่งข้าว ผลิตภัณฑ์ข้าวและกระสอบป่าน,ขายส่ง,
R11023,ข้าวสารเหนียว 10% เมล็ดสั้น (ข้าวใหม่),ราคาขายส่งข้าว ผลิตภัณฑ์ข้าวและกระสอบป่าน,ขายส่ง,
R11024,ปลายข้าวสารเหนียว เอ วัน,ราคาขายส่งข้าว ผลิตภัณฑ์ข้าวและกระสอบป่าน,ขายส่ง,
R11025,ปลายข้าวสารเหนียว เอ วัน (ข้าวใหม่),ราคาขายส่งข้าว ผลิตภัณฑ์ข้าวและกระสอบป่าน,ขายส่ง,
R11026,ข้าวนึ่ง 100%,ราคาขายส่งข้าว ผลิตภัณฑ์ข้าวและกระสอบป่าน,ขายส่ง,
R11027,ข้าวนึ่ง 5%,ราคาขายส่งข้าว ผลิตภัณฑ์ข้าวและกระสอบป่าน,ขายส่ง,
R11028,ปลายข้าวนึ่ง เอ วัน,ราคาขายส่งข้าว ผลิตภัณฑ์ข้าวและกระสอบป่าน,ขายส่ง,
R11029,ข้าวหอมมะลิ 100% ชั้น 1,ราคาขายส่งข้าว ผลิตภัณฑ์ข้าวและกระสอบป่าน,ขายส่ง,
R11030,ข้าวหอมมะลิ 100% ชั้น 1 (ข้าวใหม่),ราคาขายส่งข้าว ผลิตภัณฑ์ข้าวและกระสอบป่าน,ขายส่ง,
R11031,ข้าวหอมมะลิ 100% ชั้น 2,ราคาขายส่งข้าว ผลิตภัณฑ์ข้าวและกระสอบป่าน,ขายส่ง,
R11032,ข้าวหอมมะลิ 100% ชั้น 2 (ข้าวใหม่),ราคาขายส่งข้าว ผลิตภัณฑ์ข้าวและกระสอบป่าน,ขายส่ง,
R11033,ปลายข้าวหอมมะลิ,ราคาขายส่งข้าว ผลิตภัณฑ์ข้าวและกระสอบป่าน,ขายส่ง,
R11034,ปลายข้าวหอมมะลิ (ข้าวใหม่),ราคาขายส่งข้าว ผลิตภัณฑ์ข้าวและกระสอบป่าน,ขายส่ง,
R11035,ข้าวหอมจังหวัด,ราคาขายส่งข้าว ผลิตภัณฑ์ข้าวและกระสอบป่าน,ขายส่ง,
R11036,ข้าวหอมจังหวัด (ข้าวใหม่),ราคาขายส่งข้าว ผลิตภัณฑ์ข้าวและกระสอบป่าน,ขายส่ง,
R11037,ข้าวหอมปทุมธานี,ราคาขายส่งข้าว ผลิตภัณฑ์ข้าวและกระสอบป่าน,ขายส่ง,
R11038,ข้าวหอมปทุมธานี (ข้าวใหม่),ราคาขายส่งข้าว ผลิตภัณฑ์ข้าวและกระสอบป่าน,ขายส่ง,
R11039,ปลายข้าวหอมปทุมธานี,ราคาขายส่งข้าว ผลิตภัณฑ์ข้าวและกระสอบป่าน,ขายส่ง,
R11040,ปลายข้าวหอมปทุมธานี (ข้าวใหม่),ราคาขายส่งข้าว ผลิตภัณฑ์ข้าวและกระสอบป่าน,ขายส่ง,
R11041,รำข้าว ขาว,ราคาขายส่งข้าว ผลิตภัณฑ์ข้าวและกระสอบป่าน,ขายส่ง,
R11042,รำข้าว นึ่ง,ราคาขายส่งข้าว ผลิตภัณฑ์ข้าวและกระสอบป่าน,ขายส่ง,
R11043,รำข้าว สกัด,ราคาขายส่งข้าว ผลิตภัณฑ์ข้าวและกระสอบป่าน,ขายส่ง,
R11044,รำข้าวกล้อง,ราคาขายส่งข้าว ผลิตภัณฑ์ข้าวและกระสอบป่าน,ขายส่ง,
R11045,แป้งข้าวเจ้าโม่น้ำ,ราคาขายส่งข้าว ผลิตภัณฑ์ข้าวและกระสอบป่าน,ขายส่ง,
R11046,แป้งข้าวเหนียวโม่น้ำ ,ราคาขายส่งข้าว ผลิตภัณฑ์ข้าวและกระสอบป่าน,ขายส่ง,
R11047,กระสอบป่าน 29x43 นิ้ว (ใหม่),ราคาขายส่งข้าว ผลิตภัณฑ์ข้าวและกระสอบป่าน,ขายส่ง,
R11048,กระสอบป่าน 29x43 นิ้ว ใช้แล้ว (ไม่มีตรา),ราคาขายส่งข้าว ผลิตภัณฑ์ข้าวและกระสอบป่าน,ขายส่ง,
R11049,กระสอบป่าน 29x43 นิ้ว ใช้แล้ว (มีตรา),ราคาขายส่งข้าว ผลิตภัณฑ์ข้าวและกระสอบป่าน,ขายส่ง,
R11050,กระสอบจัมโบ้ ขนาด 1,000 กก. (นน. 2.5 kg. ไม่รวม VAT),ราคาขายส่งข้าว ผลิตภัณฑ์ข้าวและกระสอบป่าน,ขายส่ง
R11051,กระสอบใหม่ 50 กก. (ไม่มีตรา),ราคาขายส่งข้าว ผลิตภัณฑ์ข้าวและกระสอบป่าน,ขายส่ง,
R11052,กระสอบจัมโบ้ ขนาด 1,000 กก. (นน. 2 kg. ไม่รวม VAT),ราคาขายส่งข้าว ผลิตภัณฑ์ข้าวและกระสอบป่าน,ขายส่ง
R11053,ข้าวเปลือกเจ้า 5% นาปรัง จ.สุพรรณบุรี,ราคาขายส่งข้าว ผลิตภัณฑ์ข้าวและกระสอบป่าน,ขายส่ง,
R11054,ข้าวเปลือกเจ้า 5% นาปี จ.สุพรรณบุรี,ราคาขายส่งข้าว ผลิตภัณฑ์ข้าวและกระสอบป่าน,ขายส่ง,
R12001,ข้าวสารเจ้า 100% ข้าวหอม,ราคาขายส่งข้าวสารให้ร้านขายปลีก,ขายส่ง,
R12002,ข้าวสารเจ้า 100% ข้าวหอม (ข้าวใหม่),ราคาขายส่งข้าวสารให้ร้านขายปลีก,ขายส่ง,
R12003,ข้าวสารเจ้า 100%,ราคาขายส่งข้าวสารให้ร้านขายปลีก,ขายส่ง,
R12004,ข้าวสารเจ้า 100% (ข้าวใหม่),ราคาขายส่งข้าวสารให้ร้านขายปลีก,ขายส่ง,
R12005,ข้าวสารเจ้า 5%,ราคาขายส่งข้าวสารให้ร้านขายปลีก,ขายส่ง,
R12006,ข้าวสารเจ้า 5% (ข้าวใหม่),ราคาขายส่งข้าวสารให้ร้านขายปลีก,ขายส่ง,
R12007,ข้าวสารเหนียว สันป่าตอง (เขี้ยวงู) 100%,ราคาขายส่งข้าวสารให้ร้านขายปลีก,ขายส่ง,
R12008,ข้าวสารเหนียว สันป่าตอง (เขี้ยวงู) 5%,ราคาขายส่งข้าวสารให้ร้านขายปลีก,ขายส่ง,
R12009,ข้าวสารเหนียว สันป่าตอง (เขี้ยวงู) 10% เมล็ดยาว,ราคาขายส่งข้าวสารให้ร้านขายปลีก,ขายส่ง,
R12010,ข้าวสารเหนียว สันป่าตอง (เขี้ยวงู) 10% เมล็ดสั้น,ราคาขายส่งข้าวสารให้ร้านขายปลีก,ขายส่ง,
R13001,ข้าวสารเจ้า 100% ข้าวหอม ร้านค้าทั่วไป,ราคาขายปลีกข้าวสาร,ขายปลีก,
R13002,ข้าวสารเจ้า 100% ข้าวหอม (ข้าวใหม่),ราคาขายปลีกข้าวสาร,ขายปลีก,
R13003,ข้าวสารเจ้า 100% ธรรมดา ร้านค้าทั่วไป,ราคาขายปลีกข้าวสาร,ขายปลีก,
R13004,ข้าวสารเจ้า 100% ธรรมดา (ข้าวใหม่),ราคาขายปลีกข้าวสาร,ขายปลีก,
R13005,ข้าวสารเจ้า 5% ร้านค้าทั่วไป,ราคาขายปลีกข้าวสาร,ขายปลีก,
R13006,ข้าวสารเจ้า 5% (ข้าวใหม่),ราคาขายปลีกข้าวสาร,ขายปลีก,
R13007,ข้าวสารเหนียว สันป่าตอง (เขี้ยวงู) 100%,ราคาขายปลีกข้าวสาร,ขายปลีก,
R13008,ข้าวสารเหนียว สันป่าตอง (เขี้ยวงู) 5%,ราคาขายปลีกข้าวสาร,ขายปลีก,
R13009,ข้าวสารเหนียว สันป่าตอง (เขี้ยวงู) 10% เมล็ดยาว,ราคาขายปลีกข้าวสาร,ขายปลีก,
R13010,ข้าวสารเหนียว สันป่าตอง (เขี้ยวงู) 10% เมล็ดสั้น,ราคาขายปลีกข้าวสาร,ขายปลีก,
W11001,ลูกสุกรทั่วไป (นน. 12 กก./ตัว),เนื้อสัตว์,ขายส่ง,
W11002,ลูกสุกรซีพี (นน. 16 กก./ตัว),เนื้อสัตว์,ขายส่ง,
W11003,สุกรมีชีวิต ทั่วไป,เนื้อสัตว์,ขายส่ง,
W11004,สุกรมีชีวิต ฟาร์ม,เนื้อสัตว์,ขายส่ง,
W11005,สุกรชำแหละ ทั่วไป,เนื้อสัตว์,ขายส่ง,
W11006,สุกรชำแหละ ฟาร์ม,เนื้อสัตว์,ขายส่ง,
W11007,สุกรชำแหละ เนื้อสัน สันใน,เนื้อสัตว์,ขายส่ง,
W11008,สุกรชำแหละ เนื้อสัน สันนอก,เนื้อสัตว์,ขายส่ง,
W11009,สุกรชำแหละ เนื้อแดง สะโพก,เนื้อสัตว์,ขายส่ง,
W11010,สุกรชำแหละ เนื้อแดง ไหล่,เนื้อสัตว์,ขายส่ง,
W11011,สุกรชำแหละ เนื้อสามชั้น,เนื้อสัตว์,ขายส่ง,
W11012,สุกรชำแหละ มันแข็ง,เนื้อสัตว์,ขายส่ง,
W11013,สุกรชำแหละ เศษมัน,เนื้อสัตว์,ขายส่ง,
W11014,สุกรชำแหละ มันเปลว,เนื้อสัตว์,ขายส่ง,
W11015,ลูกไก่ไข่,เนื้อสัตว์,ขายส่ง,
W11016,ลูกไก่เนื้อ ทั่วไป,เนื้อสัตว์,ขายส่ง,
W11017,ลูกไก่เนื้อ ซีพี,เนื้อสัตว์,ขายส่ง,
W11018,ไก่มีชีวิต (ทั่วไป),เนื้อสัตว์,ขายส่ง,
W11019,ไก่มีชีวิต (ซี.พี.),เนื้อสัตว์,ขายส่ง,
W11020,ไก่สดทั้งตัว (รวมเครื่องใน),เนื้อสัตว์,ขายส่ง,
W11021,ไข่เป็ด คละ ณ แหล่งผลิต,เนื้อสัตว์,ขายส่ง,
W11022,ไข่เป็ด ใหญ่,เนื้อสัตว์,ขายส่ง,
W11023,ไข่เป็ด กลาง,เนื้อสัตว์,ขายส่ง,
W11024,ไข่เป็ด เล็ก,เนื้อสัตว์,ขายส่ง,
W11025,ไข่เป็ดเค็ม ใหญ่,เนื้อสัตว์,ขายส่ง,
W11026,ไข่เป็ดเค็ม กลาง,เนื้อสัตว์,ขายส่ง,
W11027,ไข่ไก่ คละ ณ แหล่งผลิต,เนื้อสัตว์,ขายส่ง,
W11028,ไข่ไก่ เบอร์ 0,เนื้อสัตว์,ขายส่ง,
W11029,ไข่ไก่ เบอร์ 1,เนื้อสัตว์,ขายส่ง,
W11030,ไข่ไก่ เบอร์ 2,เนื้อสัตว์,ขายส่ง,
W11031,ไข่ไก่ เบอร์ 3,เนื้อสัตว์,ขายส่ง,
W11032,ไข่ไก่ เบอร์ 4,เนื้อสัตว์,ขายส่ง,
W11033,ไข่ไก่ เบอร์ 5,เนื้อสัตว์,ขายส่ง,
W11034,โคมีชีวิต,เนื้อสัตว์,ขายส่ง,
W11035,เนื้อโค ติดกระดูก,เนื้อสัตว์,ขายส่ง,
W11036,เนื้อโค เลาะกระดูกขาหน้า,เนื้อสัตว์,ขายส่ง,
W11037,เนื้อโค เลาะกระดูกขาหลัง,เนื้อสัตว์,ขายส่ง,
W11038,กระบือ มีชีวิต,เนื้อสัตว์,ขายส่ง,
W11039,เนื้อกระบือ ติดกระดูก,เนื้อสัตว์,ขายส่ง,
W11040,เนื้อกระบือ เลาะกระดูกขาหน้า,เนื้อสัตว์,ขายส่ง,
W11041,เนื้อกระบือ เลาะกระดูกขาหลัง,เนื้อสัตว์,ขายส่ง,
W11042,ไก่สดชำแหละ เนื้อสันใน,เนื้อสัตว์,ขายส่ง,
W11043,ไก่สดชำแหละ เนื้ออก (เนื้อล้วน),เนื้อสัตว์,ขายส่ง,
W11044,ไก่สดชำแหละ น่อง สะโพก,เนื้อสัตว์,ขายส่ง,
W11045,ไก่สดชำแหละ ปีก ทั้งปีก (ปีกเต็ม),เนื้อสัตว์,ขายส่ง,
W11046,ไก่สดชำแหละ ปีกบน,เนื้อสัตว์,ขายส่ง,
W11047,ไก่สดชำแหละ เครื่องใน,เนื้อสัตว์,ขายส่ง,
W11048,ไก่สดชำแหละ หนัง,เนื้อสัตว์,ขายส่ง,
W11049,ไก่สดชำแหละ แข้ง ขา ตีน,เนื้อสัตว์,ขายส่ง,
W11050,ไก่สดชำแหละ โครงกระดูก,เนื้อสัตว์,ขายส่ง,
W11051,เนื้อโค สะโพก,เนื้อสัตว์,ขายส่ง,
W11052,เนื้อโค สันนอก,เนื้อสัตว์,ขายส่ง,
W11053,เนื้อโค สันใน,เนื้อสัตว์,ขายส่ง,
W11054,เนื้อโค ส่วนน่อง,เนื้อสัตว์,ขายส่ง,
W11055,เนื้อโค สามชั้น,เนื้อสัตว์,ขายส่ง,
W11056,ไก่สดชำแหละ น่อง,เนื้อสัตว์,ขายส่ง,
W11057,ไก่สดชำแหละ สะโพก,เนื้อสัตว์,ขายส่ง,
W11058,ไก่สดชำแหละ เนื้ออก (ติดหนัง),เนื้อสัตว์,ขายส่ง,
W11059,เป็ดสด (ทั้งตัว) ขนาดไซส์ S,เนื้อสัตว์,ขายส่ง,
W11060,เป็ดสด (ทั้งสด) ขนาดไซส์ M-MM,เนื้อสัตว์,ขายส่ง,
W11061,เป็ดสด (ทั้งตัว) ขนาดไซส์ L,เนื้อสัตว์,ขายส่ง,
W11062,เป็ดสด (ทั้งตัว) ขนาดไซส์ XL,เนื้อสัตว์,ขายส่ง,
W12001,กุ้งขาว (40 ตัว/กก.),สัตว์น้ำ,ขายส่ง,
W12002,กุ้งขาว (50 ตัว/กก.),สัตว์น้ำ,ขายส่ง,
W12003,กุ้งขาว (60 ตัว/กก.),สัตว์น้ำ,ขายส่ง,
W12004,กุ้งขาว (70 ตัว/กก.),สัตว์น้ำ,ขายส่ง,
W12005,กุ้งขาว (80 ตัว/กก.),สัตว์น้ำ,ขายส่ง,
W12006,กุ้งแชบ๊วย (40-50 ตัว/กก.),สัตว์น้ำ,ขายส่ง,
W12007,กุ้งเปลือกแข็ง (40-50 ตัว/กก.),สัตว์น้ำ,ขายส่ง,
W12008,กุ้งก้ามกรามบ่อเลี้ยงไทย (ขนาดกลาง) 15-16 ตัว/กก.,สัตว์น้ำ,ขายส่ง,
W12009,ปลาหมึกกล้วย คละ,สัตว์น้ำ,ขายส่ง,
W12010,ปลาหมึกกระดอง คละ,สัตว์น้ำ,ขายส่ง,
W12011,หอยแครง คละ,สัตว์น้ำ,ขายส่ง,
W12012,หอยลาย คละ,สัตว์น้ำ,ขายส่ง,
W12013,หอยแมลงภู่ คละ,สัตว์น้ำ,ขายส่ง,
W12014,ปลาทูสด (9-12 ตัว/กก.),สัตว์น้ำ,ขายส่ง,
W12015,ปลาช่อน,สัตว์น้ำ,ขายส่ง,
W12016,ปลาดุก (พันธ์บิ๊กอุย),สัตว์น้ำ,ขายส่ง,
W12017,ปลานิล,สัตว์น้ำ,ขายส่ง,
W12018,ปลาสวาย,สัตว์น้ำ,ขายส่ง,
W12019,ปลาทับทิม,สัตว์น้ำ,ขายส่ง,
W12020,ปลาทูเข่ง (2-3 ตัว/เข่ง),สัตว์น้ำ,ขายส่ง,
W12021,ปลากระพงขาว (0.7-2 กก./ตัว),สัตว์น้ำ,ขายส่ง,
W13001,ผักคะน้า,ผักสด,ขายส่ง,
W13002,ผักบุ้งจีน,ผักสด,ขายส่ง,
W13003,ผักกวางตุ้ง,ผักสด,ขายส่ง,
W13004,ผักกาดหอม,ผักสด,ขายส่ง,
W13005,ผักกาดขาว (ลุ้ย),ผักสด,ขายส่ง,
W13006,กะหล่ำปลี,ผักสด,ขายส่ง,
W13007,กะหล่ำดอก,ผักสด,ขายส่ง,
W13008,มะระจีน,ผักสด,ขายส่ง,
W13009,มะเขือเทศสีดา,ผักสด,ขายส่ง,
W13010,มะเขือเทศผลใหญ่,ผักสด,ขายส่ง,
W13011,มะเขือเจ้าพระยา,ผักสด,ขายส่ง,
W13012,ถั่วฝักยาว,ผักสด,ขายส่ง,
W13013,แตงกวา,ผักสด,ขายส่ง,
W13014,ฟักเขียว,ผักสด,ขายส่ง,
W13015,หัวผักกาด,ผักสด,ขายส่ง,
W13016,หน่อไม้ฝรั่ง,ผักสด,ขายส่ง,
W13017,ข้าวโพดฝักอ่อน,ผักสด,ขายส่ง,
W13018,ผักชี,ผักสด,ขายส่ง,
W13019,ต้นหอม,ผักสด,ขายส่ง,
W13020,พริกสดชี้ฟ้า (แดง),ผักสด,ขายส่ง,
W13021,พริกขี้หนูจินดา (แดง),ผักสด,ขายส่ง,
W13022,ขึ้นฉ่าย,ผักสด,ขายส่ง,
W13023,ผักกะเฉด 1 กำ,ผักสด,ขายส่ง,
W13024,ผักบุ้งไทย 10 กำ,ผักสด,ขายส่ง,
W13025,มะนาว เบอร์ 1-2,ผักสด,ขายส่ง,
W13026,มะนาว เบอร์ 3-4,ผักสด,ขายส่ง,
W13027,ขิงอ่อน,ผักสด,ขายส่ง,
W13028,ขิงแก่ คละ,ผักสด,ขายส่ง,
W13029,กระชายขาว,ผักสด,ขายส่ง,
W13030,พริกขี้หนูสวน (เม็ดกลาง),ผักสด,ขายส่ง,
W13031,มะละกอ พันธุ์แขกดำดำเนิน,ผักสด,ขายส่ง,
W14001,ส้มเขียวหวาน สายน้ำผึ้ง เบอร์ 4,ผลไม้,ขายส่ง,
W14002,ส้มเขียวหวาน สายน้ำผึ้ง เบอร์ 5,ผลไม้,ขายส่ง,
W14003,ส้มเขียวหวาน สายน้ำผึ้ง เบอร์ 6,ผลไม้,ขายส่ง,
W14004,ส้มโอ ขาวทองดี ใหญ่,ผลไม้,ขายส่ง,
W14005,ส้มโอ ขาวทองดี เล็ก,ผลไม้,ขายส่ง,
W14006,มะละกอแขกดำ,ผลไม้,ขายส่ง,
W14007,แตงโม พันธุ์กินรี,ผลไม้,ขายส่ง,
W14008,กล้วยหอมทอง ใหญ่,ผลไม้,ขายส่ง,
W14009,กล้วยน้ำว้า,ผลไม้,ขายส่ง,
W14010,กล้วยไข่ ใหญ่,ผลไม้,ขายส่ง,
W14011,กล้วยไข่ กลาง,ผลไม้,ขายส่ง,
W14012,ฝรั่งกิมจู คละ,ผลไม้,ขายส่ง,
W14013,ฝรั่งกิมจู คัด,ผลไม้,ขายส่ง,
W14014,สับปะรด ศรีราชา เบอร์ 1,ผลไม้,ขายส่ง,
W14015,สับปะรด ศรีราชา เบอร์ 2,ผลไม้,ขายส่ง,
W14016,สับปะรด ศรีราชา เบอร์ 3,ผลไม้,ขายส่ง,
W14017,องุ่นพันธุ์ไวท์มะละกา คัด,ผลไม้,ขายส่ง,
W14018,องุ่นพันธุ์ไวท์มะละกา คละ,ผลไม้,ขายส่ง,
W14019,เงาะโรงเรียน,ผลไม้,ขายส่ง,
W14020,ทุเรียนชะนี,ผลไม้,ขายส่ง,
W14021,ทุเรียนหมอนทอง,ผลไม้,ขายส่ง,
W14022,มังคุด (ผิวมัน),ผลไม้,ขายส่ง,
W14023,มังคุด (ผิวกระ),ผลไม้,ขายส่ง,
W14024,มะม่วงน้ำดอกไม้ เบอร์ 0,ผลไม้,ขายส่ง,
W14025,มะม่วงน้ำดอกไม้ เบอร์ 1,ผลไม้,ขายส่ง,
W14026,มะม่วงเขียวเสวย เบอร์ 0,ผลไม้,ขายส่ง,
W14027,มะม่วงเขียวเสวย เบอร์ 1,ผลไม้,ขายส่ง,
W14028,ลิ้นจี่ พันธุ์ฮงฮวย,ผลไม้,ขายส่ง,
W14029,ลิ้นจี่ พันธุ์จักรพรรดิ์,ผลไม้,ขายส่ง,
W14030,ลองกอง,ผลไม้,ขายส่ง,
W14031,น้อยหน่า,ผลไม้,ขายส่ง,
W14032,ลำไย อีดอ,ผลไม้,ขายส่ง,
W14033,มะละกอฮอลแลนด์,ผลไม้,ขายส่ง,
W14034,กล้วยหอมทอง ใหญ่ (14 ผล),ผลไม้,ขายส่ง,
W14035,ส้มโอ ขาวน้ำผึ้ง ใหญ่,ผลไม้,ขายส่ง,
W14036,ส้มโอ ขาวน้ำผึ้ง เล็ก,ผลไม้,ขายส่ง,
W15001,กระเทียมแห้ง มัดจุก หัวใหญ่,พืชอาหาร,ขายส่ง,
W15002,กระเทียมแห้ง มัดจุก หัวกลาง,พืชอาหาร,ขายส่ง,
W15003,กระเทียมแห้ง มัดจุก หัวเล็ก,พืชอาหาร,ขายส่ง,
W15004,กระเทียมแห้ง ตัดจุก หัวใหญ่,พืชอาหาร,ขายส่ง,
W15005,กระเทียมแห้ง ตัดจุก หัวกลาง,พืชอาหาร,ขายส่ง,
W15006,กระเทียมแห้ง ตัดจุก หัวเล็ก,พืชอาหาร,ขายส่ง,
W15007,กระเทียมแห้ง แกะกลีบ กลีบใหญ่,พืชอาหาร,ขายส่ง,
W15008,กระเทียมแห้ง แกะกลีบ กลีบกลาง,พืชอาหาร,ขายส่ง,
W15009,กระเทียมแห้ง แกะกลีบ กลีบเล็ก,พืชอาหาร,ขายส่ง,
W15010,หอมแดงภาคเหนือ มัดจุก หัวใหญ่,พืชอาหาร,ขายส่ง,
W15011,หอมแดงภาคเหนือ มัดจุก หัวกลาง,พืชอาหาร,ขายส่ง,
W15012,หอมแดงภาคเหนือ มัดจุก หัวเล็ก,พืชอาหาร,ขายส่ง,
W15013,หอมแดงภาคเหนือ ตัดจุก หัวใหญ่,พืชอาหาร,ขายส่ง,
W15014,หอมแดงภาคเหนือ ตัดจุก หัวกลาง,พืชอาหาร,ขายส่ง,
W15015,หอมแดงภาคเหนือ ตัดจุก หัวเล็ก,พืชอาหาร,ขายส่ง,
W15016,หอมแดงศรีสะเกษ มัดจุก หัวใหญ่,พืชอาหาร,ขายส่ง,
W15017,หอมแดงศรีสะเกษ มัดจุก หัวกลาง,พืชอาหาร,ขายส่ง,
W15018,หอมแดงศรีสะเกษ มัดจุก หัวเล็ก,พืชอาหาร,ขายส่ง,
W15019,หอมแดงศรีสะเกษ ตัดจุก หัวใหญ่,พืชอาหาร,ขายส่ง,
W15020,หอมแดงศรีสะเกษ ตัดจุก หัวกลาง,พืชอาหาร,ขายส่ง,
W15021,หอมแดงศรีสะเกษ ตัดจุก หัวเล็ก,พืชอาหาร,ขายส่ง,
W15022,หอมหัวใหญ่ กาญจนบุรี เบอร์ 0-1,พืชอาหาร,ขายส่ง,
W15023,หอมหัวใหญ่ กาญจนบุรี เบอร์ 2,พืชอาหาร,ขายส่ง,
W15024,หอมหัวใหญ่ สันป่าตอง เบอร์ 0-1,พืชอาหาร,ขายส่ง,
W15025,หอมหัวใหญ่ สันป่าตอง เบอร์ 2,พืชอาหาร,ขายส่ง,
W15026,หอมหัวใหญ่ ฝาง เบอร์ 0-1,พืชอาหาร,ขายส่ง,
W15027,หอมหัวใหญ่ ฝาง เบอร์ 2,พืชอาหาร,ขายส่ง,
W15028,หอมหัวใหญ่ ห้องเย็น เบอร์ 0-1,พืชอาหาร,ขายส่ง,
W15029,หอมหัวใหญ่ ห้องเย็น เบอร์ 2,พืชอาหาร,ขายส่ง,
W15030,มันฝรั่ง เกรดโอ,พืชอาหาร,ขายส่ง,
W15031,มันฝรั่ง เกรดเอ,พืชอาหาร,ขายส่ง,
W15032,มันฝรั่ง เกรดบี,พืชอาหาร,ขายส่ง,
W15033,มะขามเปียก แกะเมล็ด,พืชอาหาร,ขายส่ง,
W15034,มะขามเปียก ไม่แกะเมล็ด,พืชอาหาร,ขายส่ง,
W15035,กระเจี๊ยบแห้ง,พืชอาหาร,ขายส่ง,
W15036,ลูกเดือย ทั้งเปลือก,พืชอาหาร,ขายส่ง,
W15037,ลูกเดือย กระเทาะเปลือก,พืชอาหาร,ขายส่ง,
W15038,พริกไทยขาว อย่างดี,พืชอาหาร,ขายส่ง,
W15039,พริกไทยดำ อย่างดี,พืชอาหาร,ขายส่ง,
W15040,พริกไทยดำ อย่างรอง,พืชอาหาร,ขายส่ง,
W15041,พริกขี้หนูแห้ง อย่างดี,พืชอาหาร,ขายส่ง,
W15042,พริกแห้ง (ยอดสน) อย่างรอง,พืชอาหาร,ขายส่ง,
W15043,กระเทียมนำเข้า กระเทียมจีน เบอร์ใหญ่,พืชอาหาร,ขายส่ง,
W15044,กระเทียมนำเข้า กระเทียมจีน เบอร์กลาง,พืชอาหาร,ขายส่ง,
W15045,กระเทียมนำเข้า กระเทียมจีน เบอร์เล็ก,พืชอาหาร,ขายส่ง,
W15046,กระเทียมนำเข้า กระเทียมจีน แกะกลีบ,พืชอาหาร,ขายส่ง,
W15047,หอมหัวใหญ่ (หอมภาคเหนือ) เบอร์ 0-1,พืชอาหาร,ขายส่ง,
W15048,หอมหัวใหญ่ (หอมภาคเหนือ) เบอร์ 2,พืชอาหาร,ขายส่ง,
W15049,หอมหัวใหญ่ (หอมห้องเย็น) เบอร์ 0-1,พืชอาหาร,ขายส่ง,
W15050,หอมหัวใหญ่ (หอมห้องเย็น) เบอร์ 2,พืชอาหาร,ขายส่ง,
W16001,มันเส้นราคาซื้อขายในประเทศ (ส่งมอบ ณ คลังสินค้าเขตจ.อยุธยา),พืชไร่,ขายส่ง,
W16002,มันเส้น ราคาซื้อขายในประเทศ (ส่งมอบ ณ คลังสินค้าเขตจ.ชลบุรี),พืชไร่,ขายส่ง,
W16003,แป้งมันประเภทสตาร์ช ชั้นพิเศษ ราคาซื้อขายในประเทศ (ส่งมอบณ คลังสินค้าเขต กรุงเทพและปริมณฑล),พืชไร่,ขายส่ง,
W16004,มันเส้น ราคาส่งออก FOB,พืชไร่,ขายส่ง,
W16005,มันเส้น ราคาส่งออก FOB (บาท/กก.),พืชไร่,ขายส่ง,
W16006,แป้งมันประเภทสตาร์ช ชั้นพิเศษ ราคาส่งออก FOB,พืชไร่,ขายส่ง,
W16007,แป้งมันประเภทสตาร์ช ชั้นพิเศษ ราคาส่งออก FOB (บาท/กก.),พืชไร่,ขายส่ง,
W16008,มันอัดเม็ดแข็งราคาส่งออก FOB,พืชไร่,ขายส่ง,
W16009,มันอัดเม็ดแข็งราคาส่งออก FOB (บาท/กก.),พืชไร่,ขายส่ง,
W16010,แป้งมันซุปเปอร์ไฮเกรด,พืชไร่,ขายส่ง,
W16011,แป้งมันละเอียด อย่างดี,พืชไร่,ขายส่ง,
W16012,แป้งมันละเอียด อย่างรอง,พืชไร่,ขายส่ง,
W16013,แป้งมันอย่างหยาบ,พืชไร่,ขายส่ง,
W16014,สาคูเม็ดเล็ก,พืชไร่,ขายส่ง,
W16015,สาคูเม็ดใหญ่,พืชไร่,ขายส่ง,
W16016,ข้าวโพดเลี้ยงสัตว์ ไซโล,พืชไร่,ขายส่ง,
W16017,ข้าวโพดเลี้ยงสัตว์ โรงงานอาหารสัตว์,พืชไร่,ขายส่ง,
W16018,ข้าวฟ่าง ขาว,พืชไร่,ขายส่ง,
W16019,ข้าวฟ่าง แดง,พืชไร่,ขายส่ง,
W16020,ถั่วเขียวผิวมัน อย่างดี,พืชไร่,ขายส่ง,
W16021,ถั่วเขียวผิวมัน อย่างรอง,พืชไร่,ขายส่ง,
W16022,ถั่วดำ,พืชไร่,ขายส่ง,
W16023,ยางแผ่นดิบชั้น 3 ราคาเกษตรกรขายได้ จ.สุราษฎร์ธานี,พืชไร่,ขายส่ง,
W16024,ยางแผ่นดิบชั้น 3 ราคาเกษตรกรขายได้ จ.สงขลา,พืชไร่,ขายส่ง,
W16025,ยางแผ่นดิบชั้น 3 ราคาเกษตรกรขายได้ จ.นครศรีธรรมราช,พืชไร่,ขายส่ง,
W16026,ยางแผ่นดิบชั้น 3 ราคาตลาดกลาง จ.สุราษฎร์ธานี,พืชไร่,ขายส่ง,
W16027,ยางแผ่นดิบชั้น 3 ราคาตลาดกลาง จ.สงขลา,พืชไร่,ขายส่ง,
W16028,ยางแผ่นดิบชั้น 3 ราคาตลาดกลาง จ.นครศรีธรรมราช,พืชไร่,ขายส่ง,
W16029,เศษยาง 100% จ.สงขลา,พืชไร่,ขายส่ง,
W16030,ยางแผ่นดิบรมควันชั้น 3 (ราคา FOB ชั้น 3 (แหลมฉบัง),พืชไร่,ขายส่ง,
W16031,มันสำปะหลัง ราคาเกษตรกรขายได้ (นครราชสีมา แป้ง 25%),พืชไร่,ขายส่ง,
W16032,มันเส้น บจ.สุวรรณเกลียวทอง อ.ท่าเรือ จ.อยุธยา (บาท/กก.),พืชไร่,ขายส่ง,
W16033,ยางแผ่นรมควัน ชั้น 3 ตลาดกลาง จ.สงขลา,พืชไร่,ขายส่ง,
W16034,ยางก้อนถ้วย 100% ราคากลางเปิดตลาด,พืชไร่,ขายส่ง,
W16035,ข้าวโพดเลี้ยงสัตว์ เมล็ด ความชื้นไม่เกิน 14.5% จ.เพชรบูรณ์,พืชไร่,ขายส่ง,
W16036,น้ำยางสด ราคากลางเปิดตลาด,พืชไร่,ขายส่ง,
W16037,ข้าวโพดเลี้ยงสัตว์ ราคาซื้อขายล่วงหน้าตลาดชิคาโก,พืชไร่,ขายส่ง,
W16038,ข้าวสาลี ราคาซื้อขายล่วงหน้าตลาดชิคาโก,พืชไร่,ขายส่ง,
W16039,ข้าวบาร์เลย์ ราคาซื้อขายล่วงหน้าตลาด NCDEX, ออสเตรเลีย,พืชไร่,ขายส่ง
W16040,ข้าวโพดเลี้ยงสัตว์ ราคาส่งออก FOB,พืชไร่,ขายส่ง,
W16041,ข้าวโพดเลี้ยงสัตว์ ฝัก ความชื้นไม่เกิน 30 % จ. เพชรบูรณ์,พืชไร่,ขายส่ง,
W16042,ข้าวโพดเลี้ยงสัตว์ เมล็ด ความชื้นไม่เกิน 30% จ.เพชรบูรณ์,พืชไร่,ขายส่ง,
W16044,แอลกอฮอล์จากมันเส้น ราคาประเทศจีน,พืชไร่,ขายส่ง,
W16045,ข้าวโพดโรงงานอาหารสัตว์ เมล็ดความชื้นไม่เกิน 14.5% (กทม./ปริมณฑล),พืชไร่,ขายส่ง,
W17001,ปลาป่นโปรตีนร้อยละ 60 ขึ้นไป กลิ่นเบอร์ 1,อาหารสัตว์และวัตถุดิบอาหารสัตว์,ขายส่ง,
W17002,ปลาป่นโปรตีนร้อยละ 60 ลงมา กลิ่นเบอร์ 1,อาหารสัตว์และวัตถุดิบอาหารสัตว์,ขายส่ง,
W17003,ปลาป่นโปรตีนร้อยละ 60 ขึ้นไป กลิ่นเบอร์ 2,อาหารสัตว์และวัตถุดิบอาหารสัตว์,ขายส่ง,
W17004,ปลาป่นโปรตีนร้อยละ 60 ลงมา กลิ่นเบอร์ 2,อาหารสัตว์และวัตถุดิบอาหารสัตว์,ขายส่ง,
W17005,ปลาป่นโปรตีนร้อยละ 60 ขึ้นไป กลิ่นเบอร์ 3,อาหารสัตว์และวัตถุดิบอาหารสัตว์,ขายส่ง,
W17006,ปลาป่นโปรตีนร้อยละ 60 ลงมา กลิ่นเบอร์ 3,อาหารสัตว์และวัตถุดิบอาหารสัตว์,ขายส่ง,
W17007,หัวปลาโปรตีนร้อยละ 45 ขึ้นไป,อาหารสัตว์และวัตถุดิบอาหารสัตว์,ขายส่ง,
W17008,หัวปลาโปรตีนร้อยละ 55 ขึ้นไป,อาหารสัตว์และวัตถุดิบอาหารสัตว์,ขายส่ง,
W17009,หัวปลาโปรตีนร้อยละ 55 ลงมา,อาหารสัตว์และวัตถุดิบอาหารสัตว์,ขายส่ง,
W17010,ปลาขาย โปรตีนร้อยละ 60,อาหารสัตว์และวัตถุดิบอาหารสัตว์,ขายส่ง,
W17011,กากถั่วเหลืองนำเข้า โปรตีนร้อยละ 42-45,อาหารสัตว์และวัตถุดิบอาหารสัตว์,ขายส่ง,
W17012,กากถั่วเหลืองนำเข้า โปรตีนร้อยละ 47,อาหารสัตว์และวัตถุดิบอาหารสัตว์,ขายส่ง,
W17013,กากถั่วเหลืองผลิตในประเทศ (เมล็ดนำเข้า),อาหารสัตว์และวัตถุดิบอาหารสัตว์,ขายส่ง,
W17014,กากถั่วเหลืองผลิตในประเทศ (เมล็ดในประเทศ),อาหารสัตว์และวัตถุดิบอาหารสัตว์,ขายส่ง,
W17015,ปลาป่นเกรดกุ้ง,อาหารสัตว์และวัตถุดิบอาหารสัตว์,ขายส่ง,
W18001,ผลปาล์มทะลาย คุณภาพเปอร์เซ็นต์น้ำมัน คละ,พืชน้ำมันและน้ำมันพืช,ขายส่ง,
W18002,ผลปาล์มทะลาย คุณภาพเปอร์เซ็นต์น้ำมัน คละ จ.กระบี่,พืชน้ำมันและน้ำมันพืช,ขายส่ง,
W18003,ผลปาล์มทะลาย คุณภาพเปอร์เซ็นต์น้ำมัน คละ จ.สุราษฏร์ธานี,พืชน้ำมันและน้ำมันพืช,ขายส่ง,
W18004,ผลปาล์มทะลาย คุณภาพเปอร์เซ็นต์น้ำมัน คละ จ.ชุมพร,พืชน้ำมันและน้ำมันพืช,ขายส่ง,
W18005,ผลปาล์มทะลาย คุณภาพเปอร์เซ็นต์น้ำมัน คละ จ.ตรัง,พืชน้ำมันและน้ำมันพืช,ขายส่ง,
W18006,ผลปาล์มทะลาย คุณภาพเปอร์เซ็นต์น้ำมัน คละ จ.สตูล,พืชน้ำมันและน้ำมันพืช,ขายส่ง,
W18007,ผลปาล์มทะลาย คุณภาพเปอร์เซ็นต์น้ำมัน (15%),พืชน้ำมันและน้ำมันพืช,ขายส่ง,
W18008,ผลปาล์มทะลาย คุณภาพเปอร์เซ็นต์น้ำมัน (15%) จ.กระบี่,พืชน้ำมันและน้ำมันพืช,ขายส่ง,
W18009,ผลปาล์มทะลาย คุณภาพเปอร์เซ็นต์น้ำมัน (15%) จ.สุราษฏร์ธานี,พืชน้ำมันและน้ำมันพืช,ขายส่ง,
W18010,ผลปาล์มทะลาย คุณภาพเปอร์เซ็นต์น้ำมัน (15%) จ.ชุมพร,พืชน้ำมันและน้ำมันพืช,ขายส่ง,
W18011,ผลปาล์มทะลาย คุณภาพเปอร์เซ็นต์น้ำมัน (15%) จ.ตรัง,พืชน้ำมันและน้ำมันพืช,ขายส่ง,
W18012,ผลปาล์มทะลาย คุณภาพเปอร์เซ็นต์น้ำมัน (15%) จ.สตูล,พืชน้ำมันและน้ำมันพืช,ขายส่ง,
W18013,ผลปาล์มทะลาย คุณภาพเปอร์เซ็นต์น้ำมัน (17%),พืชน้ำมันและน้ำมันพืช,ขายส่ง,
W18014,ผลปาล์มทะลาย คุณภาพเปอร์เซ็นต์น้ำมัน (17%) จ.กระบี่,พืชน้ำมันและน้ำมันพืช,ขายส่ง,
W18015,ผลปาล์มทะลาย คุณภาพเปอร์เซ็นต์น้ำมัน (17%) จ.สุราษฏร์ธานี,พืชน้ำมันและน้ำมันพืช,ขายส่ง,
W18016,ผลปาล์มทะลาย คุณภาพเปอร์เซ็นต์น้ำมัน (17%) จ.ชุมพร,พืชน้ำมันและน้ำมันพืช,ขายส่ง,
W18017,ผลปาล์มทะลาย คุณภาพเปอร์เซ็นต์น้ำมัน (17%) จ.ตรัง,พืชน้ำมันและน้ำมันพืช,ขายส่ง,
W18018,ผลปาล์มทะลาย คุณภาพเปอร์เซ็นต์น้ำมัน (17%) จ.สตูล,พืชน้ำมันและน้ำมันพืช,ขายส่ง,
W18019,ผลปาล์มร่วง จ. ชุมพร,พืชน้ำมันและน้ำมันพืช,ขายส่ง,
W18020,น้ำมันปาล์มดิบ (ราคาซื้อขายทั่วไปส่งมอบถึงผู้ซื้อ) เกรด A (น้ำมันจากเปลือก),พืชน้ำมันและน้ำมันพืช,ขายส่ง,
W18021,น้ำมันปาล์มดิบ (ราคาซื้อขายทั่วไปส่งมอบถึงผู้ซื้อ) เกรด B (น้ำมันรวม),พืชน้ำมันและน้ำมันพืช,ขายส่ง,
W18022,น้ำมันปาล์มดิบ น้ำมันเมล็ดในปาล์มดิบ,พืชน้ำมันและน้ำมันพืช,ขายส่ง,
W18023,น้ำมันปาล์มกึ่งบริสุทธิ์ (ปาล์มออยล์),พืชน้ำมันและน้ำมันพืช,ขายส่ง,
W18024,น้ำมันปาล์มบริสุทธิ์ โอลีอีน (ราคาซื้อขายทั่วไปส่งมอบถึงผู้ซื้อ),พืชน้ำมันและน้ำมันพืช,ขายส่ง,
W18025,น้ำมันปาล์มบริสุทธิ์ สเตอรีน (ราคาซื้อขายทั่วไปส่งมอบถึงผู้ซื้อ),พืชน้ำมันและน้ำมันพืช,ขายส่ง,
W18026,น้ำมันปาล์มสำเร็จรูป (ราคารวม VAT โรงกลั่นส่งมอบถึงยี่ปั๊ว) บรรจุปีบ 13.75 ลิตร (12.50 กก.),พืชน้ำมันและน้ำมันพืช,ขายส่ง,
W18027,น้ำมันปาล์มสำเร็จรูป (ราคารวม VAT โรงกลั่นส่งมอบถึงยี่ปั๊ว) บรรจุปีบ 13.75 ลิตร (12.50 กก.) ตรามรกต,พืชน้ำมันและน้ำมันพืช,ขายส่ง,
W18028,น้ำมันปาล์มสำเร็จรูป (ราคารวม VAT โรงกลั่นส่งมอบถึงยี่ปั๊ว) บรรจุปีบ 13.75 ลิตร (12.50 กก.) ตราหยก,พืชน้ำมันและน้ำมันพืช,ขายส่ง,
W18029,น้ำมันปาล์มสำเร็จรูป (ราคารวม VAT โรงกลั่นส่งมอบถึงยี่ปั๊ว) บรรจุปีบ 13.75 ลิตร (12.50 กก.) ตราโอลีน,พืชน้ำมันและน้ำมันพืช,ขายส่ง,
W18030,น้ำมันปาล์มสำเร็จรูป (ราคารวม VAT โรงกลั่นส่งมอบถึงยี่ปั๊ว) บรรจุปีบ 13.75 ลิตร (12.50 กก.) ตราเกสร ,พืชน้ำมันและน้ำมันพืช,ขายส่ง,
W18031,น้ำมันปาล์มสำเร็จรูป บรรจุขวด 1 ลิตร ราคาขายส่ง โรงงานกลั่นส่งมอบถึงยี่ปั๊ว,พืชน้ำมันและน้ำมันพืช,ขายส่ง,
W18032,น้ำมันปาล์มสำเร็จรูป บรรจุขวด 1 ลิตร (12 ขวด/หีบ) ตรามรกต,พืชน้ำมันและน้ำมันพืช,ขายส่ง,
W18033,น้ำมันปาล์มสำเร็จรูป บรรจุขวด 1 ลิตร (12 ขวด/หีบ) ตราหยก,พืชน้ำมันและน้ำมันพืช,ขายส่ง,
W18034,น้ำมันปาล์มสำเร็จรูป บรรจุขวด 1 ลิตร (12 ขวด/หีบ) ตราโอลีน,พืชน้ำมันและน้ำมันพืช,ขายส่ง,
W18035,น้ำมันปาล์มสำเร็จรูป บรรจุขวด 1 ลิตร (12 ขวด/หีบ) ตราเกสร,พืชน้ำมันและน้ำมันพืช,ขายส่ง,
W18036,น้ำมันปาล์มดิบ (Crude Palm Oil) ตลาดมาเลเซีย,พืชน้ำมันและน้ำมันพืช,ขายส่ง,
W18037,น้ำมันปาล์มดิบ (Crude Palm Oil) ตลาดมาเลเซีย,พืชน้ำมันและน้ำมันพืช,ขายส่ง,
W18038,น้ำมันกึ่งบริสุทธิ์ (RBD Palm Oil) ตลาดมาเลเซีย,พืชน้ำมันและน้ำมันพืช,ขายส่ง,
W18039,น้ำมันกึ่งบริสุทธิ์ (RBD Palm Oil) ตลาดมาเลเซีย,พืชน้ำมันและน้ำมันพืช,ขายส่ง,
W18040,น้ำมันบริสุทธิ์ (RBD Palm Olein) ตลาดมาเลเซีย,พืชน้ำมันและน้ำมันพืช,ขายส่ง,
W18041,น้ำมันบริสุทธิ์ (RBD Palm Olein) ตลาดมาเลเซีย,พืชน้ำมันและน้ำมันพืช,ขายส่ง,
W18042,สเตียรีนบริสุทธิ์ (RBD Palm Stearin) ตลาดมาเลเซีย,พืชน้ำมันและน้ำมันพืช,ขายส่ง,
W18043,สเตียรีนบริสุทธิ์ (RBD Palm Stearin) ตลาดมาเลเซีย,พืชน้ำมันและน้ำมันพืช,ขายส่ง,
W18044,มะพร้าวทับสะแก ผลใหญ่ (ปอกเปลือก),พืชน้ำมันและน้ำมันพืช,ขายส่ง,
W18045,เนื้อมะพร้าวแห้ง 90%,พืชน้ำมันและน้ำมันพืช,ขายส่ง,
W18046,เนื้อมะพร้าวขาว รับซื้อหน้าโรงงาน,พืชน้ำมันและน้ำมันพืช,ขายส่ง,
W18047,น้ำมันมะพร้าวดิบ,พืชน้ำมันและน้ำมันพืช,ขายส่ง,
W18048,น้ำมันมะพร้าวดิบ ราคาซื้อขายทั่วไปส่งมอบถึงผู้ซื้อ,พืชน้ำมันและน้ำมันพืช,ขายส่ง,
W18049,น้ำมันมะพร้าวสำเร็จรูป บรรจุปีบ 13.75 ลิตร (12.50 กก.) (ราคาที่โรงงานกลั่นขายส่ง ส่งมอบถึงยี่ปั๊ว),พืชน้ำมันและน้ำมันพืช,ขายส่ง,
W18050,น้ำมันมะพร้าวสำเร็จรูป บรรจุปีบ 13.75 ลิตร (12.50 กก.) ตราผักกาด,พืชน้ำมันและน้ำมันพืช,ขายส่ง,
W18051,น้ำมันมะพร้าวสำเร็จรูป บรรจุปีบ 13.75 ลิตร (12.50 กก.) ตราไพ่ป๊อก,พืชน้ำมันและน้ำมันพืช,ขายส่ง,
W18052,น้ำมันมะพร้าวสำเร็จรูป บรรจุปีบ 13.75 ลิตร (12.50 กก.) ตราดอกไม้,พืชน้ำมันและน้ำมันพืช,ขายส่ง,
W18053,เมล็ดถั่วเหลือง เกรดแปรรูป-ผลิตภัณฑ์อาหาร,พืชน้ำมันและน้ำมันพืช,ขายส่ง,
W18054,เมล็ดถั่วเหลือง เกรดผลิตอาหารสัตว์,พืชน้ำมันและน้ำมันพืช,ขายส่ง,
W18055,เมล็ดถั่วเหลือง เกรดสกัดน้ำมัน (สกัดน้ำมัน ความชื้นไม่เกิน 13%),พืชน้ำมันและน้ำมันพืช,ขายส่ง,
W18056,น้ำมันถั่วเหลืองบริสุทธิ์ บรรจุถัง 200 ลิตร,พืชน้ำมันและน้ำมันพืช,ขายส่ง,
W18057,น้ำมันถั่วเหลืองบริสุทธิ์ บรรจุปี๊บ 13.75 ลิตร (12.50 กก.),พืชน้ำมันและน้ำมันพืช,ขายส่ง,
W18058,น้ำมันถั่วเหลืองบริสุทธิ์ บรรจุขวด 1 ลิตร หน้าโรงงาน ตราองุ่น,พืชน้ำมันและน้ำมันพืช,ขายส่ง,
W18059,น้ำมันถั่วเหลืองบริสุทธิ์ บรรจุขวด 1 ลิตร หน้าโรงงาน ตรากุ๊ก,พืชน้ำมันและน้ำมันพืช,ขายส่ง,
W18060,น้ำมันถั่วเหลืองบริสุทธิ์ บรรจุขวด 1 ลิตร ตลาดกรุงเทพฯ ตราองุ่น,พืชน้ำมันและน้ำมันพืช,ขายส่ง,
W18061,น้ำมันถั่วเหลืองบริสุทธิ์ บรรจุขวด 1 ลิตร ตลาดกรุงเทพฯ ตรากุ๊ก,พืชน้ำมันและน้ำมันพืช,ขายส่ง,
W18062,น้ำมันรำข้าวบริสุทธิ์ บรรจุปี๊บ 13.75 ลิตร (12.50 กก.),พืชน้ำมันและน้ำมันพืช,ขายส่ง,
W18063,น้ำมันรำข้าวบริสุทธิ์ บรรจุขวด 1 ลิตร ตราคิง,พืชน้ำมันและน้ำมันพืช,ขายส่ง,
W18064,น้ำมันรำข้าวบริสุทธิ์ บรรจุขวด 1 ลิตร ตราชิม,พืชน้ำมันและน้ำมันพืช,ขายส่ง,
W18065,ถั่วลิสงกะเทาะเปลือก คัดพิเศษ,พืชน้ำมันและน้ำมันพืช,ขายส่ง,
W18066,ถั่วลิสงกะเทาะเปลือก คัดธรรมดา,พืชน้ำมันและน้ำมันพืช,ขายส่ง,
W18067,ถั่วลิสงกะเทาะเปลือก คละ,พืชน้ำมันและน้ำมันพืช,ขายส่ง,
W18068,น้ำมันถั่วลิสงบริสุทธิ์ บรรจุปี๊ป 15 กก.,พืชน้ำมันและน้ำมันพืช,ขายส่ง,
W18069,น้ำมันถั่วลิสงบริสุทธิ์ บรรจุปี๊ป 13.75 ลิตร (12.50 กก.),พืชน้ำมันและน้ำมันพืช,ขายส่ง,
W18070,น้ำมันถั่วลิสงบริสุทธิ์ บรรจุขวด 2 ลิตร,พืชน้ำมันและน้ำมันพืช,ขายส่ง,
W18071,น้ำมันถั่วลิสงบริสุทธิ์ บรรจุขวด 1 ลิตร ตรากวางบิน,พืชน้ำมันและน้ำมันพืช,ขายส่ง,
W18072,เมล็ดทานตะวัน ราคารับซื้อ ณ แหล่งผลิต,พืชน้ำมันและน้ำมันพืช,ขายส่ง,
W18073,เมล็ดทานตะวัน ที่โรงงานหีบ รับซื้อหน้าโรงงาน,พืชน้ำมันและน้ำมันพืช,ขายส่ง,
W18074,น้ำมันทานตะวันสำเร็จรูป (ราคาที่โรงงานกลั่น ขายส่งถึงยี่ปั๊ว),พืชน้ำมันและน้ำมันพืช,ขายส่ง,
W18075,น้ำมันทานตะวันสำเร็จรูป บรรจุขวด (1 ลิตร) ตรากุ๊ก (น้ำมันในประเทศ),พืชน้ำมันและน้ำมันพืช,ขายส่ง,
W18076,น้ำมันทานตะวันสำเร็จรูป บรรจุขวด (1 ลิตร) ตราชิม (น้ำมันในประเทศ),พืชน้ำมันและน้ำมันพืช,ขายส่ง,
W18077,งาเกษตร,พืชน้ำมันและน้ำมันพืช,ขายส่ง,
W18078,งาดำ,พืชน้ำมันและน้ำมันพืช,ขายส่ง,
W18079,งาขาว เมล็ดใหญ่,พืชน้ำมันและน้ำมันพืช,ขายส่ง,
W18080,ละหุ่ง (กะเทาะเปลือก) ,พืชน้ำมันและน้ำมันพืช,ขายส่ง,
W18081,ผลปาล์มทะลาย คุณภาพเปอร์เซ็นต์น้ำมัน 15% จ.ชลบุรี,พืชน้ำมันและน้ำมันพืช,ขายส่ง,
W18082,ผลปาล์มทะลาย คุณภาพเปอร์เซ็นต์น้ำมัน 17% จ.ชลบุรี,พืชน้ำมันและน้ำมันพืช,ขายส่ง,
W18083,ผลปาล์มทะลาย คุณภาพเปอร์เซ็นต์น้ำมัน คละ จ.ชลบุรี,พืชน้ำมันและน้ำมันพืช,ขายส่ง,
W18084,น้ำมันทานตะวันสำเร็จรูป บรรจุขวด (1 ลิตร) ตราองุ่น (น้ำมันในประเทศ),พืชน้ำมันและน้ำมันพืช,ขายส่ง,
W18085,น้ำมันรำข้าวบริสุทธิ์ บรรจุขวด 1 ลิตร ตราอโรซ่า,พืชน้ำมันและน้ำมันพืช,ขายส่ง,
W18086,ผลปาล์มทะลาย คุณภาพเปอร์เซ็นต์น้ำมัน (18%),พืชน้ำมันและน้ำมันพืช,ขายส่ง,
W18087,ผลปาล์มทะลาย คุณภาพเปอร์เซ็นต์น้ำมัน (18%) จ.กระบี่,พืชน้ำมันและน้ำมันพืช,ขายส่ง,
W18088,ผลปาล์มทะลาย คุณภาพเปอร์เซ็นต์น้ำมัน (18%) จ.สุราษฎร์ธานี,พืชน้ำมันและน้ำมันพืช,ขายส่ง,
W18089,ผลปาล์มทะลาย คุณภาพเปอร์เซ็นต์น้ำมัน (18%) จ.ชุมพร,พืชน้ำมันและน้ำมันพืช,ขายส่ง,
W18090,ผลปาล์มทะลาย คุณภาพเปอร์เซ็นต์น้ำมัน (18%) จ.ตรัง,พืชน้ำมันและน้ำมันพืช,ขายส่ง,
W18091,ผลปาล์มทะลาย คุณภาพเปอร์เซ็นต์น้ำมัน (18%) จ.สตูล,พืชน้ำมันและน้ำมันพืช,ขายส่ง,
W18092,ผลปาล์มทะลาย คุณภาพเปอร์เซ็นต์น้ำมัน (18%) จ.ชลบุรี,พืชน้ำมันและน้ำมันพืช,ขายส่ง,
W18093,น้ำมันปาล์มสำเร็จรูป (ราคา VAT โรงกลั่นส่งมอบถึงยี่ปั๊ว) บรรจุปี๊บ 13.75 ลิตร (12.50 กก.) ตราทับทิม,พืชน้ำมันและน้ำมันพืช,ขายส่ง,
W18094,น้ำมันปาล์มสำเร็จรูป บรรจุขวด 1 ลิตร (12 ขวด/หีบ) ตราทับทิม,พืชน้ำมันและน้ำมันพืช,ขายส่ง,
W18095,ผลปาล์มทะลาย คุณภาพเปอร์เซ็นต์น้ำมัน (18%) จ.นครศรีธรรมราช,พืชน้ำมันและน้ำมันพืช,ขายส่ง,
W18096,ผลปาล์มทะลาย คุณภาพเปอร์เซ็นต์น้ำมัน (18%) จ.พังงา,พืชน้ำมันและน้ำมันพืช,ขายส่ง,
W18097,น้ำมันถั่วเหลืองบริสุทธิ์ บรรจุปี๊บ 13.75 ลิตร (12.50 กก.) ตราองุ่น,พืชน้ำมันและน้ำมันพืช,ขายส่ง,
W18098,น้ำมันถั่วเหลืองบริสุทธิ์บรรจุปี๊บ 13.75 ลิตร (12.50 กก.) ตรากุ๊ก,พืชน้ำมันและน้ำมันพืช,ขายส่ง,
W18099,น้ำมันรำข้าวบริสุทธิ์ บรรจุแกลลอน 5 ลิตร ตราคิง,พืชน้ำมันและน้ำมันพืช,ขายส่ง,
W18100,น้ำมันถั่วลิสงบริสุทธิ์ บรรจุขวด 5 ลิตร,พืชน้ำมันและน้ำมันพืช,ขายส่ง,
W18101,น้ำมันมะพร้าวสำเร็จรูป บรรจุขวด 1 ลิตร ตราไทยเพียว,พืชน้ำมันและน้ำมันพืช,ขายส่ง,
W18102,น้ำมันมะพร้าวสำเร็จรูป บรรจุขวด 1 ลิตร ตราเนเชอเรล,พืชน้ำมันและน้ำมันพืช,ขายส่ง,
W18103,น้ำมันมะพร้าวสำเร็จรูป บรรจุขวด 1 ลิตร ตรารอยไทย,พืชน้ำมันและน้ำมันพืช,ขายส่ง,
W18104,ผลปาล์มทะลาย คุณภาพเปอร์เซ็นต์น้ำมัน (18%) จ.ปัตตานี,พืชน้ำมันและน้ำมันพืช,ขายส่ง,
W18105,เมล็ดในปาล์ม กะเทาะเปลือก,พืชน้ำมันและน้ำมันพืช,ขายส่ง,
W18106, น้ำมันปาล์มสำเร็จรูป บรรจุขวด 1 ลิตร (12 ขวด/หีบ) ราคาขายส่ง โรงงานกลั่นส่งมอบถึงยี่ปั๊ว บาท/หีบ,พืชน้ำมันและน้ำมันพืช,ขายส่ง,
W18107,น้ำมันทานตะวันสำเร็จรูป บรรจุขวด (12 ขวด/หีบ) ตรากุ๊ก,พืชน้ำมันและน้ำมันพืช,ขายส่ง,
W18108,น้ำมันทานตะวันสำเร็จรูป บรรจุขวด (12 ขวด/หีบ) ตราองุ่น,พืชน้ำมันและน้ำมันพืช,ขายส่ง,
W18109,,,,
